#account,verification flag,cleos wallet password
e11111e11131,,,
e11111e11132,,,
e11111e11133,,,
e11111e11134,,,
e11111e11135,,,
e11111e11121,,,
e11111e11122,,,
e11111e11123,,,
e11111e11124,,,
e11111e11125,,,
e11111e11111,,,
e11111e11112,,,
e11111e11113,,,
e11111e11114,,,
e11111e11115,,,
veronicavale,v,PW5JbhZcJ479S1TK3BDVG8Sr4NWxjrmQKXEH42FN4xdJjwmxfDmL8,
vickvindaloo,v,PW5Hx9ND3u5xkUZSZ6ggNho83L8A7s8DZE8mnMYfNHcpRooVQNtRn,
vernversachi,v,PW5KU8kY7LTjAKJYXuRuZf5Vzq7APSERPxhrXAJkCHi3oSTWJBnRN,
vinnievolvo,v,PW5JLgqCgkSgf8VYJu1rTGbNNN3xinoG2UGNZd12UaH6eABSQB4KM,
vladvickens,v,PW5JGV6NZVx3zxMnUH6wEwQhBerEKUqeCsandP58s93gqM7SkmPwD,
vennievans,v,PW5JtkXV22Lpv7zVFqNQ7NLBPGbb9Bir9WN5SmrFergVXNwUUeByV,
victoriavezy,v,PW5JeZ7FLMBm7wKZS4cuqxB5Uwnd3tZpMWA6HMkkeoN1EWTicYLQv,
vincentvegan,v,PW5JHje1WWk3GD9G52AFupGvNqtSPMg84qVsnJUnTREuUfces8hUt,
derekdomino,d,PW5JRfLMQHG9Yep4Brz9ho3phLWyE93bLyQEjxyp3yb3BQwf69SEn,
dennydeneer,d,PW5Jv1VmcfsZF1qZAcEZyWP1JdTRakPBrTRPmgCtpkGikvURPDEtg,
dannydevito,d,PW5Hvv6WCyR86vi5wTo8PFQgSDZGGXaSVzeEXANNJXwh75VPFFDU8,
darlenedole,d,PW5Jyg8gZyoNiteFBgPH6oEyzgtCA4V3M8jgM9cpjAGEKS4HV8VKg,
dickdyckson,d,PW5KHfhyYN5E8BcFipkyVRUfRDKHrJ6asjQLFc882AcARma8R5XU3,
danieldodo,d,PW5JYfMrn6GShwjsw4YrkZtyQvhPupaZQZFhXxDcnmRFcUEQiMNzT,
donalduggan,d,PW5KNE7R2hkaa4bsfybKCR5uMaA7Dja88qKEbXCTQd1ziU2NdgiXR,
elizabetheno,e,PW5Jg9oAq6gfNL3FwCdowvbxPTDw1NbmNUjzvYTZz6EXHVcm8vaK5,
evanellano,e,PW5KaDtEr7L9cvQTrJeDnsuU3wF9KYtERKr8dLC9BD1W43NFBaUvm,
elleneden,e,PW5Jizpg243gKSUkGi9WGhw3dFXvsUQYMYCCXMdwuGwdE4PocCzg3,
edwardetton,e,PW5JPSVEyReRR5vbrNR1EfDVD6NccoRYUzqjMRkvGaCF9MWRUjpir,
eddieeagle,e,PW5J3cVcn8BQqWPox6KrGR2F5EK9cDjvcKeTxC25my4axnwtVKDTN,
eveessence,e,PW5K3qKm1zNvzz1GVGHotXT6xvXHMZFWXzF5bADS7wdqbHvqHqAFP,
duserduser3,,,
victoriavezy,,,
mgodzilgod,,,
vavianvivase,,,
voctoriavezs,,,
dopdfodrdes,,,
e3qmsseomss,,,
v3qctorvezs,,,
d3qpodrdes,,,
